entry_date,direction,entry_spread,exit_date,pnl,fold,pair
2023-01-04,short,165.5753292399644,2023-01-05,5.4997,1,NOC/XOM
2023-01-05,long,160.07560517877232,2023-02-22,-51.4625,1,NOC/XOM
2023-02-23,long,103.09384902256875,2023-03-10,-4.7216,1,NOC/XOM
2023-03-13,long,100.33254751193334,2023-03-15,7.0684,1,NOC/XOM
2023-03-16,short,110.44668407903816,2023-03-17,2.4882,1,NOC/XOM
2023-03-17,long,107.95846501028728,2023-03-20,-2.8263,1,NOC/XOM
2023-03-21,long,91.37587622490497,2023-03-22,1.6379,1,NOC/XOM
2023-03-23,long,97.52552369846688,2023-03-24,9.9081,1,NOC/XOM
2023-03-24,short,107.43360682603196,2023-03-27,4.2875,1,NOC/XOM
2023-03-27,long,103.14614074329785,2023-03-28,-3.4395,1,NOC/XOM
2023-03-28,short,99.70665263368107,2023-03-29,3.3438,1,NOC/XOM
2023-03-29,long,96.36285862005354,2023-03-30,-2.2289,1,NOC/XOM
2023-03-31,short,427.7300920705139,2023-06-27,-42.2125,2,MSFT/NOC
2023-06-28,long,157.22071205497184,2023-06-29,4.014,3,LMT/XOM
2023-06-29,short,161.23466921812997,2023-06-30,-1.3716,3,LMT/XOM
2023-06-30,long,162.60628813219387,2023-07-03,1.5245,3,LMT/XOM
2023-07-03,short,164.13080758825845,2023-07-05,-1.526,3,LMT/XOM
2023-07-05,long,165.65677020541636,2023-07-06,8.8176,3,LMT/XOM
2023-07-06,short,174.47441983291023,2023-07-10,5.5433,3,LMT/XOM
2023-07-10,long,168.93108082000975,2023-07-11,2.3266,3,LMT/XOM
2023-07-11,short,171.2576586883648,2023-07-12,5.3062,3,LMT/XOM
2023-07-12,long,165.95145225229976,2023-07-13,8.9229,3,LMT/XOM
2023-07-13,short,174.87431428557613,2023-07-19,6.5965,3,LMT/XOM
2023-07-19,long,168.2778551625813,2023-07-20,-0.2429,3,LMT/XOM
2023-07-20,short,168.03493550704007,2023-07-21,2.3468,3,LMT/XOM
2023-07-21,long,165.68808660701058,2023-07-24,-2.1325,3,LMT/XOM
2023-07-24,short,163.55558733305458,2023-07-25,2.8566,3,LMT/XOM
2023-07-25,long,160.69903152697145,2023-07-26,0.2132,3,LMT/XOM
2023-07-26,short,160.9122554770119,2023-07-27,4.6883,3,LMT/XOM
2023-07-27,long,156.22396912061754,2023-07-28,3.4474,3,LMT/XOM
2023-07-28,short,159.671353345978,2023-07-31,10.0522,3,LMT/XOM
2023-07-31,long,149.61917144606474,2023-09-21,-45.0907,3,LMT/XOM
2023-09-22,long,33.475382790013725,2023-09-25,1.0413,4,AAPL/MSFT
2023-09-25,short,34.516647469700274,2023-09-26,1.6985,4,AAPL/MSFT
2023-09-26,long,32.81811106712456,2023-10-03,-0.1141,4,AAPL/MSFT
2023-10-03,short,32.70399849176559,2023-10-04,1.2003,4,AAPL/MSFT
2023-10-04,long,31.503678040426166,2023-10-05,1.0588,4,AAPL/MSFT
2023-10-05,short,32.56251911455499,2023-10-06,0.9194,4,AAPL/MSFT
2023-10-06,long,31.643076694533534,2023-10-10,0.3928,4,AAPL/MSFT
2023-10-10,short,32.03592311969277,2023-10-11,0.3764,4,AAPL/MSFT
2023-10-11,long,31.659565624504438,2023-10-12,1.4517,4,AAPL/MSFT
2023-10-12,short,33.111256194386044,2023-10-13,0.3314,4,AAPL/MSFT
2023-10-13,long,32.7798297953818,2023-12-01,-8.3807,4,AAPL/MSFT
2023-12-01,short,24.399166057199267,2023-12-04,-0.5719,4,AAPL/MSFT
2023-12-04,long,24.971046668667356,2023-12-05,2.4589,4,AAPL/MSFT
2023-12-05,short,27.429961066634604,2023-12-06,-0.5483,4,AAPL/MSFT
2023-12-06,long,27.97824095765293,2023-12-07,0.9826,4,AAPL/MSFT
2023-12-07,short,28.9608472694388,2023-12-08,0.0185,4,AAPL/MSFT
2023-12-08,long,28.94231113400747,2023-12-11,-1.2131,4,AAPL/MSFT
2023-12-11,short,27.729168399029135,2023-12-12,-0.1583,4,AAPL/MSFT
2023-12-12,long,27.88750925343288,2023-12-13,3.2181,4,AAPL/MSFT
2023-12-13,short,31.10556515322895,2023-12-15,-1.2151,4,AAPL/MSFT
2023-12-18,long,404.3734224701086,2023-12-19,-1.5453,5,NOC/XLF
2023-12-19,short,402.8281515982494,2023-12-20,5.9528,5,NOC/XLF
2023-12-20,long,396.87536435653846,2023-12-26,6.375,5,NOC/XLF
2023-12-26,short,403.25033223947753,2023-12-27,0.4117,5,NOC/XLF
2023-12-27,long,402.83865174728817,2023-12-28,1.2767,5,NOC/XLF
2023-12-28,short,404.1153910086984,2023-12-29,-2.5123,5,NOC/XLF
2023-12-29,long,406.627732482867,2024-01-02,1.6897,5,NOC/XLF
2024-01-02,short,408.3174805132059,2024-01-03,-4.994,5,NOC/XLF
2024-01-03,long,413.3115196087781,2024-01-04,-3.2127,5,NOC/XLF
2024-01-04,short,410.0988459021872,2024-01-05,1.9622,5,NOC/XLF
2024-01-05,long,408.1366469110417,2024-01-08,4.8906,5,NOC/XLF
2024-01-08,short,413.027282353182,2024-01-09,2.6359,5,NOC/XLF
2024-01-09,long,410.3914076532292,2024-01-10,-0.3407,5,NOC/XLF
2024-01-10,short,410.05067504204766,2024-01-11,4.2766,5,NOC/XLF
2024-01-11,long,405.77409854836355,2024-01-12,13.3224,5,NOC/XLF
2024-01-12,short,419.0965435180232,2024-01-16,2.7567,5,NOC/XLF
2024-01-17,short,412.54899138086705,2024-01-18,-0.6517,5,NOC/XLF
2024-01-18,long,413.2006810707619,2024-01-19,-4.7084,5,NOC/XLF
2024-01-19,short,408.4923177298409,2024-01-22,3.9324,5,NOC/XLF
2024-01-22,long,404.55993779849257,2024-02-21,-8.1883,5,NOC/XLF
2024-02-21,short,396.37162226025634,2024-02-22,3.3865,5,NOC/XLF
2024-02-22,long,392.98510628487867,2024-02-23,5.4913,5,NOC/XLF
2024-02-23,short,398.4764264546382,2024-02-26,1.4664,5,NOC/XLF
2024-02-26,long,397.0100391462068,2024-02-27,-1.0783,5,NOC/XLF
2024-02-27,short,395.9317415734851,2024-02-28,-0.3935,5,NOC/XLF
2024-02-28,long,396.32524786073964,2024-02-29,2.0265,5,NOC/XLF
2024-02-29,short,398.35170321500505,2024-03-01,5.8622,5,NOC/XLF
2024-03-01,long,392.4894710263021,2024-03-04,4.8936,5,NOC/XLF
2024-03-04,short,397.38304981235376,2024-03-05,1.7727,5,NOC/XLF
2024-03-05,long,395.6103264986499,2024-03-06,2.4705,5,NOC/XLF
2024-03-06,short,398.08082945387224,2024-03-07,4.4475,5,NOC/XLF
2024-03-07,long,393.633293022085,2024-03-08,2.9166,5,NOC/XLF
2024-03-08,short,396.5499274292309,2024-03-11,0.3247,5,NOC/XLF
2024-03-11,long,396.2251983109861,2024-03-12,-0.5977,5,NOC/XLF
2024-03-12,short,395.62746185935725,2024-03-13,0.9449,5,NOC/XLF
2024-03-13,long,394.6825361703421,2024-03-14,2.9348,5,NOC/XLF
2024-03-15,long,284.76649354103677,2024-03-18,2.1431,6,AAPL/XOM
2024-03-18,short,286.9095674941709,2024-03-19,-3.1449,6,AAPL/XOM
2024-03-20,short,292.5164621950595,2024-03-21,6.7158,6,AAPL/XOM
2024-03-21,long,285.8006172895911,2024-03-22,0.901,6,AAPL/XOM
2024-03-22,short,286.70157248978643,2024-03-25,0.2288,6,AAPL/XOM
2024-03-25,long,286.4728055179803,2024-03-26,-2.0087,6,AAPL/XOM
2024-03-26,short,284.4640610958105,2024-03-27,-4.7718,6,AAPL/XOM
2024-03-28,short,288.7235518645214,2024-04-01,0.6681,6,AAPL/XOM
2024-04-01,long,288.0554104462038,2024-04-02,1.1651,6,AAPL/XOM
2024-04-02,short,289.220539355924,2024-04-04,-0.4305,6,AAPL/XOM
2024-04-05,short,292.09184601541796,2024-04-16,2.9404,6,AAPL/XOM
2024-04-16,long,289.15142337053703,2024-04-17,-1.4277,6,AAPL/XOM
2024-04-17,short,287.72375643179726,2024-04-18,1.0631,6,AAPL/XOM
2024-04-18,long,286.66068589892706,2024-04-19,-0.628,6,AAPL/XOM
2024-04-19,short,286.0326648650631,2024-04-22,-1.5275,6,AAPL/XOM
2024-04-22,long,287.5601410699752,2024-04-23,1.5304,6,AAPL/XOM
2024-04-23,short,289.09054305092957,2024-04-26,0.7653,6,AAPL/XOM
2024-04-26,long,288.32523715667134,2024-04-29,5.8774,6,AAPL/XOM
2024-04-29,short,294.20265657060975,2024-04-30,4.5404,6,AAPL/XOM
2024-04-30,long,289.66223247883033,2024-05-01,-3.3119,6,AAPL/XOM
2024-05-01,short,286.3502943092931,2024-05-02,-3.9078,6,AAPL/XOM
2024-05-02,long,290.25812828053705,2024-05-03,10.0017,6,AAPL/XOM
2024-05-03,short,300.2597865753827,2024-06-10,-7.8545,6,AAPL/XOM
2024-06-11,short,-62.82110571325583,2024-06-13,2.9715,7,AMZN/XLF
2024-06-13,long,-65.79261353078627,2024-06-14,0.6257,7,AMZN/XLF
2024-06-14,short,-65.16694816029153,2024-06-17,1.8036,7,AMZN/XLF
2024-06-17,long,-66.97050063409586,2024-06-18,-2.8416,7,AMZN/XLF
2024-06-18,short,-69.81209259703058,2024-06-20,-1.9434,7,AMZN/XLF
2024-06-20,long,-67.86870642522672,2024-06-21,3.9594,7,AMZN/XLF
2024-06-21,short,-63.90933802616155,2024-06-24,6.1095,7,AMZN/XLF
2024-06-24,long,-70.01880832388642,2024-06-25,2.6751,7,AMZN/XLF
2024-06-25,short,-67.34374910878245,2024-07-11,-2.8104,7,AMZN/XLF
2024-07-11,long,-64.5333845423558,2024-07-12,-1.4203,7,AMZN/XLF
2024-07-12,short,-65.95372551046205,2024-07-15,5.5802,7,AMZN/XLF
2024-07-15,long,-71.53389426615581,2024-09-05,-26.8136,7,AMZN/XLF
2024-09-06,long,84.8281423418627,2024-09-10,-0.2997,8,GLD/RTX
2024-09-10,short,84.52845328334175,2024-09-11,-0.9103,8,GLD/RTX
2024-09-11,long,85.43870759904655,2024-09-12,3.046,8,GLD/RTX
2024-09-12,short,88.48466665628845,2024-09-17,-2.6965,8,GLD/RTX
2024-09-17,long,91.1811496454732,2024-09-18,-0.9806,8,GLD/RTX
2024-09-18,short,90.20054528404518,2024-10-07,-0.0306,8,GLD/RTX
2024-10-07,long,90.23110632270226,2024-10-08,0.1081,8,GLD/RTX
2024-10-08,short,90.33918549856364,2024-10-09,1.8739,8,GLD/RTX
2024-10-09,long,88.46524783045211,2024-10-10,3.0133,8,GLD/RTX
2024-10-10,short,91.47856278484457,2024-11-11,2.6742,8,GLD/RTX
2024-11-11,long,88.80431773419963,2024-11-12,-0.6251,8,GLD/RTX
2024-11-12,short,88.1792258235109,2024-11-13,2.8878,8,GLD/RTX
2024-11-13,long,85.29143694033922,2024-11-14,5.3258,8,GLD/RTX
2024-11-14,short,90.61725730236708,2024-11-15,0.717,8,GLD/RTX
2024-11-15,long,89.90024715658586,2024-11-18,3.4357,8,GLD/RTX
2024-11-18,short,93.33593243681261,2024-11-25,-2.3058,8,GLD/RTX
2024-11-25,long,95.64172602263105,2024-11-26,-1.9556,8,GLD/RTX
2024-11-26,short,93.68608582695174,2024-11-27,-0.8742,8,GLD/RTX
2024-11-27,long,94.56023890214124,2024-11-29,0.256,8,GLD/RTX
2024-12-02,short,76.45910518797436,2024-12-03,-1.306,9,GLD/RTX
2024-12-03,long,77.7651381335416,2024-12-04,-0.8499,9,GLD/RTX
2024-12-04,short,76.91525173489691,2024-12-05,0.811,9,GLD/RTX
2024-12-05,long,76.10421630829939,2024-12-06,0.8357,9,GLD/RTX
2024-12-06,short,76.93990342885573,2024-12-09,-4.3938,9,GLD/RTX
2024-12-09,long,81.33375215598218,2024-12-10,1.7808,9,GLD/RTX
2024-12-10,short,83.11455984876554,2024-12-13,4.497,9,GLD/RTX
2024-12-13,long,78.61758021040356,2024-12-16,0.0835,9,GLD/RTX
2024-12-16,short,78.70108215818505,2024-12-17,-0.0308,9,GLD/RTX
2024-12-17,long,78.73191650058709,2024-12-18,-0.5013,9,GLD/RTX
2024-12-18,short,78.2306434650429,2024-12-19,1.0811,9,GLD/RTX
2024-12-19,long,77.14958135856722,2024-12-20,1.0649,9,GLD/RTX
2024-12-20,short,78.21446150619929,2024-12-23,1.351,9,GLD/RTX
2024-12-23,long,76.86341734755891,2024-12-24,0.1986,9,GLD/RTX
2024-12-24,short,77.06202739416713,2024-12-26,-1.3345,9,GLD/RTX
2024-12-26,long,78.39655638048575,2024-12-27,-1.2057,9,GLD/RTX
2024-12-27,short,77.1908370378986,2024-12-30,-1.3264,9,GLD/RTX
2024-12-30,long,78.51727159810892,2024-12-31,0.7965,9,GLD/RTX
2024-12-31,short,79.31377434601893,2025-01-02,-2.882,9,GLD/RTX
2025-01-02,long,82.19574627655564,2025-01-03,-1.733,9,GLD/RTX
2025-01-03,short,80.46273018737855,2025-01-06,-2.1904,9,GLD/RTX
2025-01-06,long,82.65309286612364,2025-01-07,0.3851,9,GLD/RTX
2025-01-07,short,83.03819403370267,2025-01-08,0.2758,9,GLD/RTX
2025-01-08,long,82.76238439262715,2025-01-10,3.4896,9,GLD/RTX
2025-01-10,short,86.25202343542921,2025-01-13,6.1704,9,GLD/RTX
2025-01-13,long,80.08167161641023,2025-01-14,-1.1441,9,GLD/RTX
2025-01-14,short,78.93758291817886,2025-01-15,-2.3847,9,GLD/RTX
2025-01-15,long,81.32224605195589,2025-01-16,-0.2076,9,GLD/RTX
2025-01-16,short,81.11467493719306,2025-01-17,2.2446,9,GLD/RTX
2025-01-17,long,78.87012006846882,2025-01-21,-2.6684,9,GLD/RTX
2025-01-21,short,76.2017239063444,2025-01-22,-3.2275,9,GLD/RTX
2025-01-22,long,79.42927301819151,2025-01-23,-3.0473,9,GLD/RTX
2025-01-23,short,76.38194534952194,2025-01-24,-2.9588,9,GLD/RTX
2025-01-24,long,79.34077904460435,2025-01-27,-2.2942,9,GLD/RTX
2025-01-27,short,77.0465964331292,2025-01-28,2.4531,9,GLD/RTX
2025-01-28,long,74.59353259839779,2025-01-29,3.5505,9,GLD/RTX
2025-01-29,short,78.14404242910507,2025-01-30,1.5669,9,GLD/RTX
2025-01-30,long,76.57715510904177,2025-01-31,0.5522,9,GLD/RTX
2025-01-31,short,77.12936942183012,2025-02-03,-0.0152,9,GLD/RTX
2025-02-03,long,77.1446063808012,2025-02-04,4.7408,9,GLD/RTX
2025-02-04,short,81.88541457442861,2025-02-05,-0.5185,9,GLD/RTX
2025-02-05,long,82.40387881637977,2025-02-06,-0.1653,9,GLD/RTX
2025-02-06,short,82.23853465619752,2025-02-25,-6.3093,9,GLD/RTX
2025-02-25,long,88.54784443273556,2025-02-26,0.4524,9,GLD/RTX
2025-02-26,short,89.00026195717302,2025-02-27,8.6393,9,GLD/RTX
2025-02-27,long,80.36097007507976,2025-02-28,-5.1528,9,GLD/RTX
2025-03-03,long,5.052805632053719,2025-03-04,1.8834,10,GDX/RTX
2025-03-04,short,6.936211823690414,2025-03-10,-0.2746,10,GDX/RTX
2025-03-10,long,7.210778319997097,2025-03-11,1.4257,10,GDX/RTX
2025-03-11,short,8.636487795147211,2025-05-02,-4.6629,10,GDX/RTX
2025-05-02,long,13.299370833832533,2025-05-05,2.0442,10,GDX/RTX
2025-05-05,short,15.343609612612362,2025-05-12,2.5908,10,GDX/RTX
2025-05-12,long,12.752799044585544,2025-05-13,-0.1205,10,GDX/RTX
2025-05-13,short,12.63228473784985,2025-05-14,1.0008,10,GDX/RTX
2025-05-14,long,11.63144522358035,2025-05-15,-0.2816,10,GDX/RTX
2025-05-15,short,11.349886610244624,2025-05-16,0.1486,10,GDX/RTX
2025-05-16,long,11.201318881602504,2025-05-19,0.561,10,GDX/RTX
2025-05-19,short,11.76229561834397,2025-05-20,-1.4645,10,GDX/RTX
2025-05-20,long,13.226825831473207,2025-05-21,1.1982,10,GDX/RTX
2025-05-21,short,14.42500691080852,2025-05-22,0.0321,10,GDX/RTX
2025-05-22,long,14.392883306409963,2025-05-23,1.6087,10,GDX/RTX
2025-05-23,short,16.001605225142583,2025-05-27,1.2295,10,GDX/RTX
2025-05-28,long,24.40401117513823,2025-05-29,0.27,11,XLE/XLK
2025-05-29,short,24.673974737065233,2025-05-30,0.3065,11,XLE/XLK
2025-05-30,long,24.367501966941994,2025-06-02,0.3847,11,XLE/XLK
2025-06-02,short,24.7521950945916,2025-06-03,-0.2454,11,XLE/XLK
2025-06-03,long,24.9976349977985,2025-06-04,-0.8126,11,XLE/XLK
2025-06-04,short,24.185049912543576,2025-06-05,-0.0051,11,XLE/XLK
2025-06-05,long,24.19019308618668,2025-06-06,0.5999,11,XLE/XLK
2025-06-06,short,24.790132764239956,2025-06-09,-0.0008,11,XLE/XLK
2025-06-09,long,24.790979565743626,2025-06-10,0.634,11,XLE/XLK
2025-06-10,short,25.42501004716946,2025-06-11,-0.6306,11,XLE/XLK
2025-06-11,long,26.055608473445993,2025-06-12,-0.0008,11,XLE/XLK
2025-06-12,short,26.054827694109576,2025-06-13,-0.9543,11,XLE/XLK
2025-06-13,long,27.00911399897646,2025-06-16,-0.3795,11,XLE/XLK
2025-06-16,short,26.62959018641784,2025-06-17,-0.5099,11,XLE/XLK
2025-06-17,long,27.139533309506923,2025-06-18,-0.3,11,XLE/XLK
2025-06-18,short,26.839557310187416,2025-06-20,-0.5061,11,XLE/XLK
2025-06-20,long,27.345665603377526,2025-06-23,-1.2698,11,XLE/XLK
2025-06-23,short,26.07588620495646,2025-06-24,0.8331,11,XLE/XLK
2025-06-24,long,25.242752713672715,2025-06-25,-0.3192,11,XLE/XLK
2025-06-25,short,24.92356340416752,2025-06-26,-0.4781,11,XLE/XLK
2025-06-26,long,25.401630587454992,2025-06-27,-0.2001,11,XLE/XLK
2025-06-27,short,25.201546658121096,2025-06-30,0.4008,11,XLE/XLK
2025-06-30,long,24.800786660841894,2025-07-01,0.4658,11,XLE/XLK
2025-07-01,short,25.266562316040027,2025-07-02,-0.544,11,XLE/XLK
2025-07-02,long,25.810577161930173,2025-07-03,-0.1704,11,XLE/XLK
2025-07-03,short,25.640212870875224,2025-07-07,0.2764,11,XLE/XLK
2025-07-07,long,25.363850476005883,2025-07-08,1.0431,11,XLE/XLK
2025-07-08,short,26.406997410788062,2025-07-09,0.3208,11,XLE/XLK
2025-07-09,long,26.086149067006314,2025-07-10,0.383,11,XLE/XLK
2025-07-10,short,26.469157122719917,2025-07-11,-0.2695,11,XLE/XLK
2025-07-11,long,26.738673170720816,2025-07-14,-0.4648,11,XLE/XLK
2025-07-14,short,26.273840551910833,2025-07-15,0.7692,11,XLE/XLK
2025-07-15,long,25.504602465986654,2025-07-16,-0.4188,11,XLE/XLK
2025-07-16,short,25.085805179724705,2025-07-17,-0.1046,11,XLE/XLK
2025-07-17,long,25.190427894475423,2025-07-18,-0.3307,11,XLE/XLK
2025-07-18,short,24.859707569539264,2025-07-21,0.457,11,XLE/XLK
2025-07-21,long,24.40273016867694,2025-07-22,0.3542,11,XLE/XLK
2025-07-22,short,24.756907081510764,2025-07-23,-0.5573,11,XLE/XLK
2025-07-23,long,25.31421701481101,2025-07-24,0.2306,11,XLE/XLK
2025-07-24,short,25.544822388252943,2025-07-25,0.2005,11,XLE/XLK
2025-07-25,long,25.344282446352555,2025-07-28,0.3463,11,XLE/XLK
2025-07-28,short,25.69061556299672,2025-07-29,-0.4194,11,XLE/XLK
2025-07-29,long,26.109973414253094,2025-07-30,-0.659,11,XLE/XLK
2025-07-30,short,25.45100327348669,2025-07-31,0.1022,11,XLE/XLK
2025-07-31,long,25.34878028491224,2025-08-01,-0.4191,11,XLE/XLK
2025-08-01,short,24.92971308863157,2025-08-04,0.4354,11,XLE/XLK
2025-08-04,long,24.494329789894326,2025-08-05,0.1961,11,XLE/XLK
2025-08-05,short,24.690472937630975,2025-08-06,0.5781,11,XLE/XLK
2025-08-06,long,24.112351766804228,2025-08-07,-0.1769,11,XLE/XLK
2025-08-08,long,24.026554127339704,2025-08-11,-0.214,11,XLE/XLK
2025-08-12,long,23.744395759194838,2025-08-13,0.4721,11,XLE/XLK
2025-08-13,short,24.216452583328643,2025-08-14,0.001,11,XLE/XLK
2025-08-14,long,24.21544812004469,2025-08-15,0.1332,11,XLE/XLK
2025-08-15,short,24.348674934975538,2025-08-18,0.2865,11,XLE/XLK
2025-08-18,long,24.062193827749294,2025-08-19,0.3198,11,XLE/XLK
2025-08-19,short,24.382021159641152,2025-08-20,-0.4629,11,XLE/XLK
2025-08-20,long,24.844942879822998,2025-08-21,0.3498,11,XLE/XLK
2025-08-22,long,-8.022446210766503,2025-08-25,1.5009,12,RTX/SLV
2025-08-25,short,-6.521496251119203,2025-08-29,3.0759,12,RTX/SLV
2025-08-29,long,-9.597438824752516,2025-10-22,-16.1977,12,RTX/SLV
2025-10-22,short,-25.79509142575509,2025-10-23,-0.0641,12,RTX/SLV
2025-10-23,long,-25.73102887749542,2025-10-24,0.0926,12,RTX/SLV
2025-10-24,short,-25.63847603446095,2025-10-27,-7.8939,12,RTX/SLV
2025-10-27,long,-17.744547084692357,2025-10-28,-1.9429,12,RTX/SLV
2025-10-28,short,-19.687427285456124,2025-10-29,4.7206,12,RTX/SLV
2025-10-29,long,-24.408076385107336,2025-10-30,-4.0557,12,RTX/SLV
2025-10-30,short,-28.46374262685029,2025-10-31,-2.585,12,RTX/SLV
2025-10-31,long,-25.878702936474866,2025-11-03,-0.294,12,RTX/SLV
2025-11-03,short,-26.172655538469485,2025-11-04,-3.276,12,RTX/SLV
2025-11-04,long,-22.896614898926316,2025-11-05,-5.7758,12,RTX/SLV
2025-11-05,short,-28.672397600109804,2025-11-06,-1.5473,12,RTX/SLV
2025-11-06,long,-27.125075539090574,2025-11-07,0.1476,12,RTX/SLV
2025-11-07,short,-26.977512842511885,2025-11-10,6.5614,12,RTX/SLV
2025-11-10,long,-33.53895409981942,2025-11-14,-4.2023,12,RTX/SLV
2025-11-17,short,37.137808734946475,2025-11-18,-0.4743,13,XLE/XLK
2025-11-18,long,37.612062975138564,2025-11-19,-0.6315,13,XLE/XLK
2025-11-19,short,36.98051496003185,2025-11-20,0.2736,13,XLE/XLK
2025-11-20,long,36.706961681655415,2025-11-21,0.2486,13,XLE/XLK
2025-11-21,short,36.955546138159605,2025-11-24,0.2921,13,XLE/XLK
2025-11-24,long,36.66349228631286,2025-11-25,-0.2953,13,XLE/XLK
2025-11-25,short,36.36820201748365,2025-11-26,-0.2439,13,XLE/XLK
2025-11-26,long,36.61206684286816,2025-11-28,0.513,13,XLE/XLK
2025-11-28,short,37.12504555001349,2025-12-01,-0.4252,13,XLE/XLK
2025-12-01,long,37.550196515363375,2025-12-02,-0.6578,13,XLE/XLK
2025-12-02,short,36.892441442644795,2025-12-03,-0.8145,13,XLE/XLK
2025-12-03,long,37.70695412204568,2025-12-04,0.1641,13,XLE/XLK
2025-12-04,short,37.87102782127552,2025-12-05,0.2424,13,XLE/XLK
2025-12-05,long,37.62858499491946,2025-12-08,-0.546,13,XLE/XLK
2025-12-08,short,37.08257936768874,2025-12-09,-0.2556,13,XLE/XLK
2025-12-09,long,37.33817800036422,2025-12-10,0.436,13,XLE/XLK
2025-12-10,short,37.77418408284234,2025-12-11,0.1773,13,XLE/XLK
2025-12-11,long,37.596899303863026,2025-12-12,-0.2212,13,XLE/XLK
2025-12-12,short,37.37570484095199,2025-12-15,0.2431,13,XLE/XLK
2025-12-15,long,37.132602832589626,2025-12-16,-1.3729,13,XLE/XLK
2025-12-16,short,35.75965933070792,2025-12-17,-1.1201,13,XLE/XLK
2025-12-17,long,36.87971965795786,2025-12-18,-0.7519,13,XLE/XLK
2025-12-18,short,36.127826293356414,2025-12-19,0.1588,13,XLE/XLK
2025-12-19,long,35.96902923116339,2025-12-22,0.4096,13,XLE/XLK
2025-12-22,short,36.378601062357205,2025-12-23,-0.2471,13,XLE/XLK
2025-12-23,long,36.625658867471635,2025-12-24,-0.1473,13,XLE/XLK
2025-12-24,short,36.47831336719746,2025-12-26,0.1808,13,XLE/XLK
2025-12-26,long,36.29746427368832,2025-12-29,0.4516,13,XLE/XLK
2025-12-29,short,36.74903715765582,2025-12-30,-0.3617,13,XLE/XLK
2025-12-30,long,37.11073995340432,2025-12-31,-0.1735,13,XLE/XLK
2025-12-31,short,36.93720277572179,2026-01-02,-0.9167,13,XLE/XLK
2026-01-02,long,37.85395058971948,2026-01-05,1.2153,13,XLE/XLK
2026-01-05,short,39.06926842205917,2026-01-06,1.3474,13,XLE/XLK
2026-01-06,long,37.72187674258684,2026-01-07,-0.5005,13,XLE/XLK
2026-01-07,short,37.22142591309262,2026-01-12,-1.1886,13,XLE/XLK
2026-01-12,long,38.41005768310218,2026-01-13,0.6718,13,XLE/XLK
2026-01-13,short,39.08188534813314,2026-02-12,-7.3125,13,XLE/XLK
2026-02-13,long,-129.68777609562784,2026-02-23,12.3309,14,AMZN/XLF
2026-02-23,short,-117.35683268361981,2026-02-24,-1.7001,14,AMZN/XLF
2026-02-24,long,-115.65676456664073,2026-02-25,-3.5801,14,AMZN/XLF
2026-02-25,short,-119.23688268218399,2026-02-26,6.7266,14,AMZN/XLF
2026-02-26,long,-125.96348264896432,2026-02-27,8.8849,14,AMZN/XLF
2026-02-27,short,-117.07863230670756,2026-03-02,0.7832,14,AMZN/XLF
2026-03-02,long,-117.86186012430812,2026-03-03,0.9124,14,AMZN/XLF
2026-03-03,short,-116.94949950411541,2026-03-04,-6.2457,14,AMZN/XLF
2026-03-04,long,-110.7037972020571,2026-03-05,3.8371,14,AMZN/XLF
2026-03-05,short,-106.86668485298202,2026-03-06,1.5326,14,AMZN/XLF
2026-03-06,long,-108.39929374034318,2026-03-09,1.8063,14,AMZN/XLF
2026-03-09,short,-106.59296582325942,2026-03-19,-3.792,14,AMZN/XLF
2026-03-19,long,-102.80101106649789,2026-03-20,-3.9624,14,AMZN/XLF
2026-03-20,short,-106.76337473844842,2026-03-23,-1.951,14,AMZN/XLF
2026-03-23,long,-104.81239623522453,2026-03-24,-2.9639,14,AMZN/XLF
2026-03-24,short,-107.77630316783336,2026-03-25,-4.0864,14,AMZN/XLF
2026-03-25,long,-103.68985331882118,2026-03-26,-2.3162,14,AMZN/XLF
2026-03-26,short,-106.00607169418811,2026-03-27,0.2735,14,AMZN/XLF
2026-03-27,long,-106.27953537400202,2026-03-30,-1.9058,14,AMZN/XLF
2026-03-30,short,-108.18533699004922,2026-03-31,-0.8637,14,AMZN/XLF
2026-03-31,long,-107.32161925358218,2026-04-01,1.8525,14,AMZN/XLF
2026-04-01,short,-105.46908060963978,2026-04-02,1.3753,14,AMZN/XLF
2026-04-02,long,-106.84439852644329,2026-04-06,0.7826,14,AMZN/XLF
2026-04-06,short,-106.0617559368298,2026-04-07,-0.98,14,AMZN/XLF
2026-04-07,long,-105.08174495050167,2026-04-08,-0.9579,14,AMZN/XLF
2026-04-08,short,-106.03968432031206,2026-05-11,-47.8678,14,AMZN/XLF
